english,turkish
be,olmak
and,ve
a,bir
in,içinde
to,ile
have,Sahip olmak
to,ile
it,BT
I,ben
that,o
for,için
you,sen
he,o
with,ile birlikte
on,üzerinde
do,yapmak
's,'ın
say,söylemek
they,onlar
this,Bu
but,ancak
at,-de
we,Biz
his,onun
from,itibaren
that,o
not,olumsuzluk
not,değil
by,ile
or,veya
she,o
as,olarak
what,ne
go,Git
their,onların
will,niyet
who,kim
can,Yapabilmek
get,almak
if,eğer
all,tüm
would,istemek
her,o
make,Yapmak
about,hakkında
my,benim
know,bilmek
as,olarak
there,orada
one,bir
up,yukarı
time,zaman
year,yıl
so,böyle
think,düşünmek
see,görmek
which,Hangi
when,ne zaman
some,bazı
them,onlara
people,insanlar
take,almak
me,ben
out,dışarı
into,içine
just,sadece
him,o
come,gelmek
your,senin
now,şimdi
could,abilir
than,hariç
like,beğenmek
other,başka
then,sonra
how,nasıl
its,onun
two,iki
our,bizim
more,daha fazla
these,bunlar
want,istek
way,yol
no,hayır
look,bakmak
first,ilk
also,ayrıca
new,yeni
because,çünkü
day,gün
more,daha fazla
use,kullanmak
man,adam
here,burada
find,bulmak
give,vermek
thing,şey
well,kuyu
many,birçok
only,sadece
those,şunlar
tell,söylemek
very,çok
one,bir
even,Bile
her,o
back,geri
any,hiç
good,iyi
us,biz
through,vasıtasıyla
woman,Kadın
life,hayat
child,çocuk
there,orada
down,aşağı
work,iş
after,sonrasında
call,aramak
may,Mayıs
world,dünya
over,üzerinde
should,meli
still,hâlâ
try,denemek
in,içinde
school,okul
as,olarak
last,geçen
ask,sormak
too,fazla
need,ihtiyaç
three,üç
feel,hissetmek
when,ne zaman
become,olmak
state,durum
never,asla
between,arasında
high,yüksek
something,bir şey
really,Gerçekten
most,çoğu
another,bir diğer
much,fazla
own,sahip olmak
family,aile
out,dışarı
house,ev
leave,ayrılmak
put,koy
old,eskimiş
on,üzerinde
while,süre
mean,kastetmek
let,İzin Vermek
why,Niye
president,Devlet Başkanı
keep,Tut
same,aynı
great,İyi
begin,başlamak
big,büyük
seem,gözükmek
group,grup
country,ülke
talk,konuşmak
problem,sorun
where,nerede
turn,dönüş
student,Öğrenci
every,her
hand,el
help,Yardım Edin
against,karşı
start,Başlat
American,Amerikan
part,Bölüm
show,göstermek
about,hakkında
over,üzerinde
might,Might
such,çok
place,yer
again,Yeniden
city,Kent
case,dava
most,çoğu
few,az
system,sistem
week,hafta
where,nerede
company,şirket
each,her biri
percent,yüzde
hear,duymak
so,böyle
during,sırasında
question,soru
right,Sağ
program,program
work,iş
run,koşmak
number,sayı
small,küçük
government,devlet
play,Oyna
off,kapalı
move,hareket
like,beğenmek
always,Her zaman
night,gece
believe,inanmak
today,bugün
hold,tutmak
point,puan
live,canlı
happen,olmak
bring,getirmek
next,sonraki
without,olmadan
before,önceki
large,büyük
must,zorunlu
all,tüm
war,savaş
home,ev
under,altında
room,oda
fact,hakikat
area,alan
national,Ulusal
write,yazmak
money,para
right,Sağ
story,Öykü
water,su
mother,anne
different,farklı
young,genç
month,ay
lot,pay
book,kitap
eye,göz
study,ders çalışma
job,Görev
kind,tür
word,kelime
issue,sorun
side,yan
four,dört
business,işletme
though,Yine de
head,kafa
far,uzak
long,uzun
black,siyah
million,milyon
both,ikisi birden
little,biraz
yes,evet
after,sonrasında
since,dan beri
around,etrafında
long,uzun
provide,sağlamak
service,hizmet
important,önemli
sit,oturmak
away,uzak
friend,arkadaş
however,fakat
power,güç
no,hayır
yet,henüz
father,baba
hour,saat
often,sıklıkla
until,a kadar
political,siyasi
line,astar
end,son
stand,durmak
among,arasında
game,oyun
ever,durmadan
lose,kaybetmek
bad,kötü
member,üye
meet,tanışmak
pay,ödemek
law,yasa
almost,hemen hemen
car,araba
later,sonra
much,fazla
name,isim
include,Dahil etmek
five,beş
center,merkez
once,bir Zamanlar
university,Üniversite
continue,devam et
least,en az
real,gerçek
white,beyaz
change,değiştirmek
set,Ayarlamak
several,birçok
ago,evvel
information,bilgi
nothing,hiç bir şey
community,toplum
best,en iyi
right,Sağ
idea,fikir
lead,öncülük etmek
body,gövde
learn,öğrenmek
kid,çocuk
minute,dakika
table,masa
whether,ikisinden biri
understand,anlamak
team,takım
back,geri
watch,izlemek
together,bir arada
follow,takip et
around,etrafında
only,sadece
stop,Dur
face,yüz
anything,herhangi bir şey
public,halka açık
social,sosyal
already,çoktan
parent,ebeveyn
speak,konuşmak
create,oluşturmak
office,ofis
allow,izin vermek
level,seviyesi
read,okuman
spend,harcamak
person,kişi
door,kapı
sure,Elbette
add,Ekle
street,sokak
such,çok
history,Tarih
party,Parti
grow,büyümek
reason,sebep
morning,sabah
open,açık
within,içinde
change,değiştirmek
although,olmasına rağmen
walk,yürümek
news,haberler
health,sağlık
court,mahkeme
force,Kuvvet
early,erken
himself,kendisi
air,hava
low,düşük
before,önceki
art,Sanat
result,sonuç
moment,an
offer,teklif
both,ikisi birden
remember,hatırlamak
research,Araştırma
enough,yeterli
girl,kız
boy,oğlan
win,kazanç
food,Gıda
across,karşısında
guy,insan
second,ikinci
able,hünerli
toward,karşı
maybe,belki
process,işlem
off,kapalı
everything,her şey
appear,belli olmak
age,yaş
policy,politika
consider,düşünmek
including,içermek
probably,muhtemelen
education,Eğitim
love,aşk
actually,aslında
buy,satın almak
wait,Bekle
die,ölmek
human,insan
send,göndermek
fee,ücret
expect,beklemek
serve,servis
sense,algı
teacher,öğretmen
home,ev
market,pazar
stay,kalmak
build,inşa etmek
nation,ulus
fall,sonbahar
oh,ah
death,ölüm
plan,plan
interest,faiz
someone,birisi
experience,deneyim
cut,kesmek
kill,öldürmek
behind,arka
reach,ulaşmak
six,altı
local,yerel
remain,kalmak
effect,Efekt
suggest,önermek
use,kullanmak
control,kontrol
perhaps,belki
raise,artırmak
class,sınıf
late,geç
little,biraz
major,ana
yeah,Evet
else,başka
pass,geçmek
photo,Fotoğraf
sell,satmak
themselves,kendileri
field,alan
college,kolej
sometimes,Bazen
former,önceki
development,gelişim
require,gerekmek
along,boyunca
decide,karar ver
security,güvenlik
up,yukarı
possible,mümkün
effort,çaba göstermek
role,rol
better,daha iyi
rate,oran
strong,kuvvetli
music,müzik
report,bildiri
leader,Önder
light,ışık
whole,tüm
voice,ses
color,renk
heart,kalp
care,bakım
police,polis
economic,ekonomik
wife,kadın eş
show,göstermek
mind,zihin
report,bildiri
finally,en sonunda
drug,uyuşturucu
less,az
return,dönüş
according,binaen
pull,çekmek
decision,karar
explain,açıklamak
carry,taşımak
develop,geliştirmek
view,görüş
free,Bedava
hope,Ümit etmek
even,Bile
drive,sürmek
son,oğul
arm,kol
department,Bölüm
TRUE,DOĞRU
price,fiyat
military,askeri
federal,federal
break,kırmak
action,eylem
value,değer
thank,teşekkür
relationship,ilişki
town,şehir
better,daha iyi
building,bina
receive,almak
society,toplum
difference,fark
church,kilise
full,tam dolu
join,katılmak
road,yol
because,çünkü
international,Uluslararası
model,model
position,durum
tax,vergi
director,müdür
early,erken
agree,Katılıyorum
matter,Önemli olmak
especially,özellikle
form,biçim
record,kayıt
special,özel
ground,zemin
whose,kimin
hard,sert
pick,seçmek
paper,kağıt
official,resmi
season,mevsim
wear,giymek
event,Etkinlik
support,destek
space,Uzay
player,oyuncu
everyone,herkes
couple,çift
end,son
base,temel
project,proje
produce,üretmek
site,alan
situation,durum
hit,vurmak
industry,sanayi
half,yarım
activity,aktivite
American,Amerikan
eat,yemek
itself,kendisi
need,ihtiyaç
figure,figür
cost,maliyet
easy,kolay
quite,epeyce
face,yüz
picture,resim
clear,açık
cover,örtmek
describe,betimlemek
image,imaj
teach,öğretmek
wall,duvar
doctor,doktor
recent,son
product,ürün
data,veri
practice,uygulama
phone,telefon
piece,adet
certain,belirli
either,herhangi biri
oil,sıvı yağ
simply,basitçe
test,Ölçek
personal,kişiye özel
star,yıldız
land,kara
third,üçüncü
general,genel
computer,bilgisayar
movie,film
worker,çalışan
open,açık
catch,tutmak
type,tip
support,destek
north,kuzey
love,aşk
step,adım
attention,dikkat
technology,teknoloji
organization,organizasyon
baby,bebek
source,kaynak
draw,Berabere
cause,neden
tree,ağaç
film,film
choose,Seç
evidence,kanıt
Republican,Cumhuriyetçi
difficult,zor
century,yüzyıl
nearly,az kalsın
red,kırmızı
look,bakmak
point,puan
window,pencere
park,park
period,dönem
culture,kültür
hair,saç
listen,dinlemek
chance,şans
less,az
available,mevcut
brother,Erkek kardeş
summer,yaz
realize,fark etmek
private,özel
no,hayır
science,Bilim
letter,mektup
congress,kongre
condition,şart
short,kısa
likely,büyük ihtimalle
opportunity,fırsat
rule,kural
choice,seçim
single,bekar
place,yer
patient,hasta
floor,zemin
term,terim
material,malzeme
mile,mil
administration,yönetim
well,kuyu
course,kurs
defense,savunma
plant,bitki
energy,enerji
campaign,kampanya
population,nüfus
fire,ateş
close,kapat
daughter,kız evlat
involve,içermek
husband,erkek eş
wrong,yanlış
certainly,kesinlikle
increase,arttırmak
future,gelecek
south,güney
medical,tıbbi
call,aramak
board,yazı tahtası
anyone,herhangi biri
deal,anlaştık mı
hospital,hastane
rest,dinlenme
seek,aramak
myself,kendim
county,ilçe
fight,kavga
subject,ders
risk,risk
order,emir
west,Batı
economy,ekonomi
quickly,hızlı bir şekilde
throw,atmak
bed,yatak
officer,subay
represent,temsil etmek
soon,yakında
top,tepe
fill,doldurmak
author,yazar
past,geçmiş
upon,üzerine
goal,hedef
behavior,davranış
drop,düşürmek
nature,doğa
agency,Ajans
plan,plan
recently,Geçenlerde
second,ikinci
store,mağaza
foreign,yabancı
current,akım
performance,verim
bank,banka
sound,ses
push,itmek
focus,odak
reduce,azaltmak
note,Not
before,önceki
fine,iyi
near,yakın
than,hariç
movement,hareket
common,yaygın
other,başka
billion,milyar
blood,kan
page,sayfa
concern,ilgilendirmek
poor,yoksul
enter,girmek
share,Paylaş
each,her biri
series,diziler
usually,genellikle
natural,doğal
hot,sıcak
race,yarış
language,dil
river,nehir
dead,ölü
act,davranmak
significant,önemli
no,hayır
response,tepki
rise,yükselmek
decade,on yıl
article,makale
thus,böylece
seven,Yedi
shoot,film çekmek
east,doğu
animal,hayvan
away,uzak
similar,benzer
save,kaydetmek
factor,faktör
central,merkezi
occur,meydana gelmek
committee,Kurul
serious,ciddi
sport,spor
lie,Yalan
beyond,öte
exactly,kesinlikle
despite,aksine
happy,mutlu
eight,sekiz
protect,korumak
list,liste
size,boyut
quality,kalite
pressure,baskı yapmak
accept,kabul
ready,hazır
approach,yaklaşmak
sign,işaret
attack,saldırı
individual,bireysel
career,kariyer
answer,Cevap
dog,köpek
media,medya
thought,düşünce
whatever,her neyse
determine,belirlemek
television,televizyon
meeting,toplantı
scene,"faliyet alani, sahne"
success,başarı
prepare,HAZIRLAMA
identify,tanımlamak
press,basmak
particularly,özellikle
resource,kaynak
amount,tutar
argue,tartışmak
recognize,tanımak
treatment,tedavi
left,ayrıldı
degree,derece
stock,"stok, mevcut"
indicate,belirtmek
growth,büyüme
simple,basit
ability,kabiliyet
dollar,dolar
union,Birlik
disease,hastalık
everybody,herkes
wonder,merak etmek
election,seçim
loss,kayıp
box,kutu
deal,anlaştık mı
herself,kendini
fund,"fon, sermaye"
miss,Özlemek
pretty,tatlı
region,bölge
feeling,his
lay,sermek
training,eğitim
message,İleti
arrive,varmak
standard,standart
outside,dışarıda
fail,başarısız
trade,Ticaret
staff,Personel
benefit,fayda
character,karakter
army,Ordu
association,bağlantı
operation,operasyon
present,Sunmak
crime,suç
name,isim
cup,Fincan
island,ada
analysis,analiz
check,Kontrol
answer,Cevap
photograph,fotoğraf
glass,bardak
forward,ileri
authority,yetki
earth,Dünya
stage,sahne
one,bir
act,davranmak
sort,çeşit
station,istasyon
clearly,Açıkça
little,biraz
compare,karşılaştırmak
indeed,aslında
public,halka açık
knowledge,bilgi
state,durum
blue,mavi
example,örnek
strategy,strateji
mountain,dağ
guess,tahmin etmek
sister,kardeş
force,Kuvvet
gun,silah
various,çeşitli
laugh,kahkaha
environment,çevre
design,tasarım
sun,güneş
lawyer,avukat
sex,seks
rather,yerine
artist,sanatçı
club,kulüp
prove,kanıtlamak
section,bölüm
skill,beceri
truth,gerçek
set,Ayarlamak
ok,tamam
manager,müdür
executive,yönetici
district,semt
claim,iddia
forget,unutmak
hang,asmak
entire,bütün
leg,bacak
enough,yeterli
design,tasarım
close,kapat
study,ders çalışma
since,dan beri
environmental,çevre
establish,kurmak
democratic,demokratik
remove,kaldırmak
main,ana
professor,profesör
financial,parasal
enjoy,eğlence
network,ağ
sound,ses
discuss,tartışmak
form,biçim
final,son
trial,Deneme
legal,yasal
help,Yardım Edin
cold,soğuk
above,üstünde
rock,kaynak
that,o
seat,koltuk
weapon,silah
song,şarkı
expert,uzman
radio,radyo
nice,Güzel
avoid,kaçınmak
memory,hafıza
management,yönetmek
charge,şarj
spring,bahar
card,kart
maintain,sürdürmek
theory,teori
care,bakım
visit,ziyaret etmek
imagine,hayal etmek
finish,bitiş
statement,Beyan
firm,firma
huge,Kocaman
respond,cevap vermek
popular,popüler
hard,sert
physical,fiziksel
talk,konuşmak
traditional,geleneksel
contain,içermek
peace,Barış
green,Yeşil
thanks,Teşekkürler
control,kontrol
Democrat,Demokrat
base,temel
impact,darbe
structure,yapı
tonight,Bu gece
note,Not
direction,yön
fly,uçmak
onto,üzerine
king,kral
reveal,ortaya çıkartmak
cell,hücre
religious,din
ball,top
particular,özel
employee,çalışan
head,kafa
suddenly,birden
apply,uygulamak
shake,sallamak
cultural,kültürel
chair,sandalye
PM,ÖĞLEDEN SONRA
justice,adalet
discover,keşfetmek
measure,ölçüm
politics,siyaset
manage,üstesinden gelmek
treat,davranmak
yourself,kendin
pain,ağrı
evening,akşam
rather,yerine
unit,birim
affect,etkilemek
play,Oyna
production,üretme
bit,biraz
inside,içeri
far,uzak
range,Aralık
top,tepe
worry,endişe etmek
perform,rol yapmak
necessary,gerekli
conference,konferans
individual,bireysel
candidate,aday
museum,müze
specific,özel
best,en iyi
throughout,boyunca
hall,salon
past,geçmiş
fish,balık
trip,seyahat
mention,Anma
edge,kenar
trouble,bela
interview,röportaj yapmak
style,stil
middle,orta
cause,neden
ten,on
weight,ağırlık
adult,yetişkin
dream,rüya
fear,korku
dark,karanlık
sign,işaret
method,yöntem
somebody,biri
magazine,dergi
reflect,yansıtmak
heavy,ağır
soldier,asker
property,Emlak
beautiful,güzel
writer,yazar
stuff,şey
camera,kamera
improve,geliştirmek
shoulder,omuz
bar,çubuk
hotel,otel
instead,yerine
hill,Tepe
exist,mevcut
sea,deniz
institution,kurum
purpose,amaç
pattern,model
detail,detay
machine,makine
challenge,meydan okumak
owner,sahip
agent,ajan
tough,zorlu
ahead,ilerde
generation,nesil
commercial,reklam
whom,kime
fall,sonbahar
down,aşağı
surface,yüzey
budget,bütçe
senator,senatör
bag,sırt çantası
reality,gerçeklik
editor,editör
tend,Bakmak
address,adres
civil,sivil
step,adım
discussion,tartışma
test,Ölçek
mom,anne
violence,şiddet
total,Toplam
skin,deri
heat,sıcaklık
council,konsey
notice,fark etme
beat,vurmak
nor,ne
modern,modern
vote,oy
sing,şarkı söyle
cancer,kanser
finger,parmak
lake,göl
wish,dilek
marriage,evlilik
victim,kurban
task,görev
yard,avlu
kitchen,mutfak
item,öğe
responsibility,sorumluluk
mouth,ağız
agreement,anlaşma
attorney,avukat
capital,Başkent
threat,tehdit
smile,gülümsemek
gas,gaz
instead,yerine
positive,pozitif
track,Izlemek
investment,yatırım
account,hesap
break,kırmak
rich,zengin
citizen,vatandaş
audience,kitle
lady,Hanım
dinner,akşam yemeği
western,batılı
debate,çekişme
consumer,tüketici
majority,çoğunluk
interesting,ilginç
prevent,engel olmak
travel,yolculuk
born,doğmak
relate,ilgili olmak
assume,farz etmek
none,Yok
admit,Kabul et
front,ön
figure,figür
coach,koç
partner,ortak
shot,atış
scientist,Bilim insanı
senior,kıdemli
suffer,acı çekmek
alone,yalnız
collection,Toplamak
successful,başarılı
speech,konuşma
eventually,sonunda
key,anahtar
mission,misyon
score,Puan
newspaper,gazete
wind,rüzgâr
reform,reform
concerned,endişeli
professional,profesyonel
relation,ilişki
troops,birlikler
garden,Bahçe
access,erişim
publish,Yayınla
recall,hatırlamak
Soviet,Sovyet
cost,maliyet
southern,güney
senate,Senato
opinion,fikir
option,seçenek
judge,hakim
original,orijinal
customer,müşteri
critical,eleştirel
corner,köşe
basic,temel
income,Gelir
directly,direkt olarak
own,sahip olmak
release,serbest bırakmak
restaurant,restoran
neighborhood,komşu
effective,etkili
labor,iş gücü
nobody,hiç kimse
stare,dik dik dikmek
immediately,hemen
achieve,başarmak
forest,orman
dad,baba
hurt,acıtmak
video,video
strike,vuruş
safety,Emniyet
absolutely,kesinlikle
therefore,öyleyse
freedom,özgürlük
version,versiyon
like,beğenmek
plane,uçak
attitude,davranış
sexual,cinsel
refer,bahsetmek
fresh,taze
involved,dahil olmuş
powerful,güçlü
bird,kuş
touch,dokunmak
variety,Çeşitlilik
deep,derin
text,Metin
wide,geniş
credit,kredi
nine,dokuz
sleep,uyumak
investigation,soruşturma
hope,Ümit etmek
announce,duyurmak
by,ile
completely,tamamen
vote,oy
conduct,yönetmek
conflict,fikir ayrılığı
replace,yer değiştirmek
attend,katılmak
participant,katılımcı
argument,argüman
object,nesne
please,lütfen
nuclear,nükleer
sky,gökyüzü
along,boyunca
afternoon,öğleden sonra
hundred,yüz
encourage,cesaretlendirmek
perfect,mükemmel
possibility,olasılık
turn,dönüş
British,ingiliz
once,bir Zamanlar
examine,muayene etmek
conversation,konuşma
generally,genel olarak
beginning,başlangıç
secretary,Sekreter
experience,deneyim
beach,plaj
safe,güvenli
spirit,ruh
weekend,hafta sonu
date,tarih
define,tanımlamak
feature,özellik
global,küresel
very,çok
element,element
attempt,teşebbüs
slowly,yavaş yavaş
governor,Vali
through,vasıtasıyla
concept,kavram
sorry,Üzgünüm
easily,kolayca
battle,savaş
league,lig
camp,kamp
introduce,takdim etmek
status,durum
insurance,sigorta
complete,tamamlamak
stick,sopa
solution,çözüm
web,ağ
vision,görüş
stone,taş
lack,eksiklik
driver,şoför
normal,normal
truck,kamyon
minister,bakan
handle,üstesinden gelmek
hole,delik
front,ön
fan,fan
spot,leke
crisis,kriz
supposed,sözde
refuse,reddetmek
drink,İçmek
researcher,araştırmacı
tradition,gelenek
communication,iletişim
distance,mesafe
ship,gemi
gain,kazanmak
express,ifade etmek
independent,bağımsız
ice,buz
scale,ölçek
brain,beyin
winter,kış mevsimi
commission,komisyon
wood,Odun
increase,arttırmak
return,dönüş
division,bölüm
species,Türler
AM,Ben
roll,rulo
hide,saklamak
middle,orta
client,müşteri
resident,ikamet eden kişi
contract,sözleşme
gold,altın
future,gelecek
potential,potansiyel
presence,mevcudiyet
institute,enstitü
screen,ekran
run,koşmak
Chinese,Çince
horse,atış
European,Avrupalı
target,hedef
willing,istekli
survey,anket
interested,Ilgilenen
chief,şef
crowd,kalabalık
prison,hapishane
terms,şartlar
obviously,açıkça
basis,temel
apartment,apartman
farm,çiftlik
flight,uçuş
shape,şekil
demand,talep etmek
strength,kuvvet
village,köy
operate,çalıştırmak
reporter,muhabir
share,Paylaş
guard,koruma
observe,gözlemek
deliver,teslim etmek
count,saymak
inside,içeri
advantage,avantaj
wild,vahşi
previous,öncesi
average,ortalama
emerge,ortaya çıkmak
contribute,katkıda bulunmak
leadership,liderlik
boat,bot
facility,tesis
present,Sunmak
earn,para kazanmak
highly,büyük ölçüde
vehicle,araç
pound,pound
tiny,çok küçük
understanding,anlayışlı
settle,yerleşmek
unless,meğer ki
tomorrow,yarın
foundation,Yapı temeli
quick,hızlı
block,engellemek
light,ışık
reader,okuyucu
collect,toplamak
guest,misafir
living,yaşamak
tool,alet
protection,koruma
fair,adil
additional,ek olarak
promote,terfi
equipment,teçhizat
mostly,çoğunlukla
order,emir
painting,tablo
feed,beslemek
principle,prensip
bowl,tas
claim,iddia
technique,teknik
limit,sınırlamak
identity,Kimlik
title,Başlık
critic,eleştirmen
survive,hayatta kalmak
cry,Ağla
border,sınır
lift,kaldırmak
path,yol
aspect,Görünüş
marry,evlenmek
shop,Dükkan
failure,arıza
ride,sürmek
responsible,sorumlu
gather,toplamak
jump,zıplamak
sample,örneklem
affair,mesele
result,sonuç
worth,değer
fit,Uygun
chairman,başkan
until,a kadar
lesson,ders
Christmas,Noel
insist,ısrar etmek
anybody,kimse
folk,halk
band,bant
ear,kulak
procedure,prosedür
associate,iş arkadaşı
inch,inç
warm,ılık
African,Afrikalı
French,Fransızca
baseball,beyzbol
demonstrate,göstermek
foot,ayak
Christian,Hıristiyan
approach,yaklaşmak
competition,yarışma
measure,ölçüm
afraid,korkmuş
spread,yayılmış
ignore,aldırmamak
soft,yumuşak
annual,yıllık
wonderful,müthiş
threaten,tehdit etmek
commit,işlemek
deny,reddetmek
intelligence,istihbarat
regular,düzenli
influence,etkilemek
general,genel
past,geçmiş
reaction,reaksiyon
cross,geçmek
master,usta
suit,takım elbise
blow,üflemek
destroy,tahrip etmek
gift,hediye
coffee,Kahve
anyway,her neyse
belief,inanç
comment,yorum
apparently,görünen o ki
twice,iki defa
background,arka fon
quarter,çeyrek
review,gözden geçirmek
faith,inanç
move,hareket
speed,hız
engage,Tut
broad,kalın
perspective,perspektif
slightly,biraz
growing,büyüyen
view,görüş
function,işlev
construction,inşaat
egg,Yumurta
charge,şarj
wave,dalga
female,dişi
murder,cinayet
tape,kaset
burn,yakmak
means,anlamına geliyor
aware,farkında olmak
mistake,hata
quiet,sessizlik
connection,bağ
shoe,ayakkabı
clothes,çamaşırlar
promise,söz vermek
religion,din
complete,tamamlamak
united,Birleşik
context,bağlam
active,aktif
focus,odak
youth,gençlik
location,yer
neighbor,komşu
dress,elbise
Internet,İnternet
category,kategori
dangerous,tehlikeli
extend,uzatmak
combine,birleştirmek
demand,talep etmek
coast,sahil
relatively,Nispeten
smile,gülümsemek
bus,otobüs
hey,hey
chief,şef
following,Takip etmek
depend,bağımlı
key,anahtar
hell,cehennem
visit,ziyaret etmek
bone,kemik
cook,pişirmek
fire,ateş
direct,yönlendirmek
native,yerli
cool,serin
cut,kesmek
remind,hatırlatmak
historical,tarihi
moral,ahlak
voter,seçmen
appropriate,uygun
famous,tanınmış
hire,kiralamak
victory,zafer
contact,İletişim
fully,tamamen
negative,olumsuz
medicine,ilaç
participate,Katıl
grade,seviye
eastern,doğu
supply,arz
yesterday,dün
familiar,tanıdık
democracy,demokrasi
pair,çift
drive,sürmek
healthy,sağlıklı
front,ön
tie,bağlamak
birth,doğum
progress,ilerlemek
damage,zarar
exchange,değiş tokuş
bottom,alt
daily,günlük
next,sonraki
document,belge
grand,büyük
journal,dergi
knee,diz
primary,öncelik
otherwise,aksi halde
train,tren
grab,yakalamak
circle,daire
lean,yağsız - Yağsız
wine,şarap
minority,azınlık
flower,çiçek
device,cihaz
Iraqi,Irak
plate,plaka
attack,saldırı
clean,temiz
alive,canlı
actor,aktör
hate,nefret
expression,ifade
below,aşağıda
bright,parlak
press,basmak
tour,tur
finding,bulma
exercise,egzersiz yapmak
plastic,plastik
danger,tehlike
neck,boyun
valley,vadi
academic,akademik
start,Başlat
application,başvuru
intend,niyet etmek
male,erkek
tall,uzun
shut,kapamak
lots,çok
Indian,Hintli
respect,saygı
colleague,iş arkadaşı
writing,yazı
rain,yağmur
fast,hızlı
football,Futbol
welcome,Hoşgeldiniz
domestic,yerel
pool,havuz
literature,Edebiyat
extra,ekstra
northern,kuzey
desire,arzu
direct,yönlendirmek
fight,kavga
corporate,Kurumsal
session,oturum
supreme,yüce
studio,stüdyo
Russian,Rusça
nod,başını sallamak
learning,öğrenme
climb,tırmanmak
importance,önem
somewhere,bir yerde
expand,genişletmek
fourth,dördüncü
dry,kuru
disappear,kaybolmak
abuse,taciz
chicken,Tavuk
obtain,elde etmek
map,harita
carefully,dikkatlice
close,kapat
increasingly,giderek
greatest,En büyük
complex,karmaşık
metal,metal
lead,öncülük etmek
above,üstünde
jury,jüri
sweet,tatlı
proposal,teklif
impossible,imkansız
scientific,ilmi
ticket,bilet
leaf,yaprak
classroom,sınıf
surround,çevrelemek
lunch,öğle yemeği
alone,yalnız
meaning,anlam
injury,incinme
invite,Davet et
enemy,düşman
repeat,tekrar et
bear,ayı
lip,dudak
mayor,Belediye Başkanı
award,ödül
attempt,teşebbüs
commitment,bağlılık
consequence,sonuçlar
instruction,talimat
surprise,sürpriz
poll,anket
favorite,favori
explore,keşfetmek
predict,tahmin etmek
adopt,evlat edinmek
sight,görme
storm,fırtına
half,yarım
assessment,değerlendirme
weather,hava
pocket,cep
aid,yardım
reading,okuma
thin,ince
soul,ruh
strange,garip
married,evli
organize,düzenlemek
conclusion,çözüm
fuel,yakıt
urban,kentsel
belong,ait olmak
salt,tuz
farmer,çiftçi
straight,dümdüz
advice,tavsiye
cover,örtmek
balance,denge
temperature,sıcaklık
empty,boş
conclude,sonuçlandırmak
somehow,bir şekilde
presidential,başkanlık
limit,sınırlamak
prime,önemli
breast,meme
desk,sıra
record,kayıt
breath,nefes
theater,tiyatro
under,altında
acknowledge,kabullenmek
theme,tema
fat,yağ
software,yazılım
sugar,Şeker
educational,eğitici
thousand,bin
code,kodlamak
fear,korku
connect,bağlamak
yellow,Sarı
instrument,enstrüman
Japanese,Japonca
panel,panel
library,kütüphane
expensive,masraflı
emotional,duygusal
engine,motor
propose,"teklif etmek, önermek"
mental,akıllı
difficulty,zorluk
train,tren
brown,Kahverengi
basically,temel olarak
last,geçen
average,ortalama
ring,yüzük
mark,işaret
locate,bulmak
search,arama
largely,büyük oranda
possibly,muhtemelen
anymore,artık değil
generate,üretmek
regional,bölgesel
obvious,bariz
angry,sinirli
analyst,analist
accident,kaza
trend,akım
like,beğenmek
appearance,dış görünüş
currently,şu anda
shadow,gölge
being,olmak
moon,ay
bridge,köprü
but,ancak
recommend,tavsiye etmek
hearing,işitme
fruit,meyve
dance,dans
shift,vardiya
comfortable,rahat
struggle,mücadele etmek
revenue,gelir
notion,fikir
okay,Tamam
package,paketi
ought,zorunlu
traffic,trafik
internal,dahili
prefer,tercih
crew,mürettebat
search,arama
profit,kâr
regulation,düzenleme
link,bağlantı
thinking,düşünme
hardly,zorlu
airport,havalimanı
human,insan
extremely,son derece
sick,hasta
capture,ele geçirmek
unique,benzersiz
actual,gerçek
chest,göğüs
meal,yemek
beauty,güzellik
extent,kapsam
defend,savunmak
visitor,ziyaretçi
outside,dışarıda
judge,hakim
dozen,düzine
declare,bildirmek
emergency,acil Durum
ad,reklam
truly,tamamen
planet,gezegen
select,seçme
ethnic,etnik
nose,burun
loan,borç
cash,nakit
contribution,katkı
slow,yavaş
contrast,zıtlık
bottle,şişe
launch,başlatmak
novel,Roman
feature,özellik
duty,görev
root,kök
content,içerik
component,bileşen
appreciate,takdir etmek
circumstance,durum
teaching,öğretim
paint,boyamak
matter,Önemli olmak
thick,kalın
cat,kedi
neither,hiç biri
standard,standart
ourselves,kendimizi
correct,doğru
warn,uyarmak
capacity,kapasite
challenge,meydan okumak
convention,ortak düşünce
politician,politikacı
pursue,izlemek
setting,ayar
zone,alan
dress,elbise
pilot,pilot
ensure,emin olmak
ultimately,nihayetinde
male,erkek
wake,uyanmak
shirt,gömlek
influence,etkilemek
guide,kılavuz
AIDS,AIDS
mix,karışım
slip,kaymak
steal,hırsızlık yapmak
late,geç
frequently,sık sık
blame,suçlamak
sheet,çarşaf
estimate,tahmin etmek
relief,rahatlama
combination,kombinasyon
investor,yatırımcı
due,vadesi dolmuş
silence,sessizlik
manner,tavır
muscle,kas
branch,dal
chain,Zincir
long,uzun
telephone,telefon
investigate,incelemek
German,Almanca
percentage,yüzde
outcome,sonuç
estate,arazi
forth,ileri
stress,stres
equal,eşit
English,ingilizce
welfare,refah
typical,tipik
crazy,deli
except,hariç
funny,eğlenceli
meat,et
appeal,çekici
long-term,uzun vadeli
official,resmi
eliminate,bertaraf etmek
used,Kullanılmış
motion,hareket
complain,şikayet
row,sıra
Jewish,Yahudi
kick,tekme atmak
snow,kar
producer,üretici
solve,çözmek
just,sadece
issue,sorun
opposition,muhalefet
basketball,Basketbol
rely,güvenmek
conservative,tutucu
trust,güven
back,geri
address,adres
mirror,ayna
tank,tank
range,Aralık
significantly,önemli ölçüde
somewhat,biraz
attract,cezbetmek
anywhere,herhangi bir yer
regime,rejim
fix,düzeltmek
entirely,Baştan sona
afford,parası yetmek
length,uzunluk
secret,gizli
pleasure,Zevk
file,dosya
tooth,diş
confirm,onaylamak
separate,ayırmak
golden,altın
photograph,fotoğraf
meanwhile,bu sırada
except,hariç
now,şimdi
channel,kanal
bedroom,yatak odası
requirement,gereklilik
ancient,Antik
coverage,kapsama alanı
trail,iz
bear,ayı
host,ev sahibi
his,onun
check,Kontrol
stand,durmak
surgery,ameliyat
perception,algı
rare,nadir
struggle,mücadele etmek
era,dönem
grant,hibe
file,dosya
ocean,okyanus
seriously,Cidden
clear,açık
confidence,kendinden emin
aside,bir kenara
tear,göz yaşı
judgment,yargılama
industrial,Sanayi
expectation,beklenti
resolution,çözüm
copy,kopya
wing,kanat
doubt,şüphe
fun,eğlence
totally,tamamen
pour,dökün
gender,Cinsiyet
surprised,şaşırmış
beer,bira
clean,temiz
score,Puan
bond,bağlamak
plus,artı
debt,borç
smart,akıllı
English,ingilizce
terrible,korkunç
witness,tanık
reference,referans
account,hesap
separate,ayırmak
mean,kastetmek
vice,mengene
black,siyah
rest,dinlenme
hero,kahraman
bomb,bomba
below,aşağıda
rating,değerlendirme
busy,meşgul
cite,anmak
corporation,şirket
representative,temsilci
everywhere,her yerde
soil,toprak
highway,karayolu
frame,çerçeve
stretch,uzatmak
oppose,karşı çıkmak
Catholic,Katolik
cloud,bulut
initial,ilk
variable,değişken
essential,gerekli
travel,yolculuk
improvement,Gelişme
opening,açılış
necessarily,zorunlu olarak
nurse,hemşire
incident,olay
abortion,kürtaj
divide,bölmek
aim,amaç
tired,yorgun
careful,dikkatli olmak
question,soru
cheap,ucuz
beside,yanında
apart,ayrı
criminal,adli
employ,kullanmak
rush,acele etmek
user,kullanıcı
upper,üst
winner,kazanan
fashion,moda
tip,İpucu
apple,elma
rise,yükselmek
vast,büyüklük
specifically,özellikle
limited,sınırlı
enormous,kocaman
holiday,tatil
e-mail,e-posta
emphasize,vurgu yapmak
merely,sadece
dance,dans
core,çekirdek
match,kibrit
landscape,manzara
overall,etraflı
golf,golf
lack,eksiklik
virtually,sanal olarak
route,güzergah
flow,akış
fewer,daha az
cable,kablo
gate,geçit
tie,bağlamak
proud,gurur duymak
promise,söz vermek
dish,yemek
beneath,altında
increased,artırılmış
succeed,başarmak
barely,zar zor
narrow,dar
solid,sağlam
contemporary,modern
accuse,suçlamak
unfortunately,maalesef
useful,kullanışlı
noise,"gürültü, ses"
expose,ortaya çıkarmak
mass,kitle
multiple,çoklu
vegetable,sebze
seed,tohum
reject,reddetmek
decline,reddetmek
experiment,Deney
legislation,mevzuat
hat,şapka
either,herhangi biri
secret,gizli
massive,cüsseli
grass,çimen
definitely,kesinlikle
closer,daha yakın
liberal,liberal
stir,karıştırmak
captain,Kaptan
revolution,devrim
typically,tipik
sector,sektör
hand,el
approve,onaylamak
uncle,amca dayı
volume,Ses
explanation,açıklama
sentence,cümle
escape,kaçmak
unusual,olağan dışı
distribution,dağıtım
rural,kırsal
cast,oyuncu kadrosu
drink,İçmek
sleep,uyumak
household,ev
celebrate,kutlamak
taste,tatmak
characteristic,karakteristik
outside,dışarıda
addition,ilave
acquire,elde etmek
closely,yakından
proper,düzgün
tone,tonlamak
topic,başlık
towards,karşı
waste,boşa harcamak
wheel,teker
athlete,atlet
convince,ikna etmek
alternative,alternatif
pepper,biber
cream,krem
land,kara
technical,teknik
square,Meydan
plenty,bolca
behind,arka
invest,yatırım
mind,zihin
potential,potansiyel
regard,saygınlık
intervention,araya girmek
illegal,yasadışı
lower,daha düşük
compete,rekabet etmek
talent,yetenek
guilty,suçlu
living,yaşamak
milk,Süt
height,yükseklik
list,liste
live,canlı
assistance,yardım
personality,kişilik
Israeli,İsrail
gay,eşcinsel
forever,sonsuza dek
assess,değerlendirmek
weak,güçsüz
female,dişi
cigarette,sigara
permit,izin vermek
passenger,yolcu
criticism,eleştiri
twenty,yirmi
honor,Onur
creative,yaratıcı
offer,teklif
knock,vuruş
display,Görüntüle
campus,yerleşke
definition,tanım
gray,gri
signal,sinyal
warning,uyarı
physician,doktor
column,kolon
interaction,etkileşim
dramatic,dramatik
review,gözden geçirmek
republic,cumhuriyet
primarily,öncelikle
priority,öncelik
achievement,başarı
fun,eğlence
request,rica etmek
wrap,paketlemek
engineer,mühendis
rice,pilav
scholar,akademisyen
airline,havayolu
expense,masraf
observation,gözlem
gap,açıklık
agenda,Gündem
creation,yaratılış
drag,sürüklemek
suspect,şüpheli
fishing,Balık tutma
bread,ekmek
hi,merhaba
unable,aciz
scream,çığlık
journalist,gazeteci
constitution,anayasa
lucky,şanslı
excellent,harika
mass,kitle
payment,Ödeme
deep,derin
selection,seçme
lab,laboratuvar
arrest,tutuklanmak
deeply,derinlemesine
sad,üzgün
childhood,çocukluk
suppose,sanmak
fairly,adil bir şekilde
prosecutor,Savcı
violent,şiddetli
recover,iyileşmek
roof,çatı
amendment,değişiklik
emotion,duygu
existing,var olan
far,uzak
graduate,mezun olmak
factory,fabrika
schedule,takvim
avenue,Bulvar
spiritual,manevi
ride,sürmek
wash,yıkamak
planning,planlama
self,kendi kendine
later,sonra
shout,bağırmak
silent,sessiz
brief,kısa bilgi
error,hata
widely,geniş
description,tanım
dark,karanlık
immediate,hemen
purchase,satın alma
leading,önde gelen
funding,finansman
settlement,yerleşme
prayer,namaz
initiative,girişim
coalition,koalisyon
comparison,karşılaştırmak
portion,porsiyon
opponent,rakip
tension,tansiyon
chapter,bölüm
bother,zahmet
curriculum,Müfredat
consist,meydana gelmek
immigrant,göçmen
enable,etkinleştirme
faculty,Fakülte
steel,çelik
desert,çöl
asset,varlık
slow,yavaş
housing,Konut
transform,dönüşüm
regarding,ilişkin
perceive,algılamak
depression,depresyon
inform,bilgi vermek
formal,resmi
abandon,terk etmek
release,serbest bırakmak
chip,yonga
double,çift
remaining,geriye kalan
existence,varoluş
cheese,peynir
link,bağlantı
joint,bağlantı
savings,tasarruf
rule,kural
preserve,korumak
diet,diyet
territory,bölge
tea,Çay
bend,Bükmek
gain,kazanmak
arrange,düzenlemek
resolve,çözmek
walk,yürümek
passage,geçit
lock,kilit
tear,göz yaşı
resistance,direnç
present,Sunmak
stream,aktarım
slide,kayma
green,Yeşil
sharp,keskin
display,Görüntüle
cycle,Çevrim
pose,poz
phase,evre
transition,geçiş
reduction,kesinti
negotiation,müzakere
manufacturer,üretici firma
interview,röportaj yapmak
quote,alıntı
deserve,hak etmek
trust,güven
sale,satış
layer,katman
wedding,düğün
discovery,keşif
mine,benim
academy,akademi
sand,kum
hit,vurmak
missile,füze
elect,seçmek
climate,iklim
participation,katılım
knife,bıçak
benefit,fayda
atmosphere,atmosfer
joke,şaka
urge,dürtü
ordinary,sıradan
visual,görsel
numerous,sayısız
occasion,durum
philosophy,Felsefe
suicide,intihar
shall,acak
glad,memnun
goods,mal
moreover,dahası
coat,ceket
consistent,tutarlı
alcohol,alkol
opposite,karşısında
cop,polis
universe,Evren
breathe,nefes almak
practical,pratik
therapy,terapi
shift,vardiya
racial,ırksal
elsewhere,başka bir yerde
rarely,seyrek
essentially,esasen
discipline,disiplin
reply,cevap vermek
Mexican,Meksikalı
passion,tutku
tale,masal
dust,toz
kiss,öpücük
iron,ütü
independence,bağımsızlık
contact,İletişim
Spanish,İspanyol
advance,ilerlemek
pot,tencere
potato,Patates
motor,motor
pack,ambalaj
dominate,hakim olmak
marketing,pazarlama
disaster,felaket
exposure,maruziyet
complaint,şikayet
cap,kapak
congressional,kongre
jacket,ceket
intense,yoğun
touch,dokunmak
for,için
impose,empoze etmek
electric,elektrik
implement,uygulamak
enforcement,uygulama
analyze,analiz etmek
sure,Elbette
retire,emekli olmak
deficit,açıklık
emphasis,vurgu
concentrate,yoğunlaşmak
accomplish,sonuçlandırmak
previously,Önceden
symbol,sembol
bureau,büro
laboratory,laboratuvar
attach,eklemek
fundamental,temel
whenever,ne zaman olursa
arrangement,ayarlama
investigator,müfettiş
mark,işaret
another,bir diğer
shock,şok
adjust,ayarlamak
employer,iş veren
visible,gözle görülür
pass,geçmek
priest,rahip
volunteer,gönüllü
interpretation,tercüme
entertainment,eğlence
habit,alışkanlık
illustrate,gözünde canlandırmak
equally,eşit derecede
prospect,olasılık
enhance,genişletmek
severe,şiddetli
other,başka
monitor,izlemek
amazing,Harika
poverty,yoksulluk
increasing,artan
boss,Müdür
inspire,ilham vermek
anger,kızgınlık
heavily,ağır şekilde
parking,otopark
print,Yazdır
maker,yapımcı
involvement,tutulum
queen,kraliçe
gene,gen
vary,çeşitli
approximately,yaklaşık olarak
gallery,galeri
evaluate,değerlendirmek
fat,yağ
trade,Ticaret
transfer,Aktar
exercise,egzersiz yapmak
usual,her zamanki
mystery,gizem
entry,giriş
ring,yüzük
mood,mod
bean,fasulye
still,hâlâ
objective,amaç
capable,yetenekli
constant,devamlı
light,ışık
substance,madde
total,Toplam
strongly,kuvvetle
exception,istisna
commander,komutan
spending,harcama
crucial,hayati
acre,dönüm
wire,tel
command,emretmek
nervous,sinirli
cross,geçmek
so-called,Lafta
competitive,rekabetçi
Asian,Asya
tower,kule
veteran,kıdemli
creature,yaratık
smoke,Sigara içmek
Arab,Arap
prince,prens
alliance,ittifak
transportation,toplu taşıma
stop,Dur
luck,şans
symptom,semptom
bury,gömmek
clinic,klinik
illness,hastalık
championship,şampiyonluk
prisoner,mahkum
reputation,itibar
edition,baskı
juice,Meyve suyu
sauce,Sos
peak,zirve
confront,karşısına çıkmak
breakfast,sabah kahvaltısı
recognition,tanıma
smell,koku
ally,müttefik
pure,saf
toy,oyuncak
salary,aylık maaş
electronic,elektronik
bathroom,banyo
surely,elbette
psychological,psikolojik
evaluation,değerlendirme
dimension,boyut
block,engellemek
race,yarış
personnel,personel
belt,kemer
accompany,eşlik etmek
implication,olası sonuç
album,albüm
perfectly,mükemmel bir şekilde
strike,vuruş
jet,jet
hello,merhaba
shape,şekil
relative,akraba
tourist,turist
phenomenon,fenomen
fellow,dost
toss,atmak
publication,yayın
nearby,yakında
consideration,düşünce
rather,yerine
holy,kutsal
enterprise,girişim
due,vadesi dolmuş
inner,iç
watch,izlemek
Indian,Hintli
pray,dua etmek
creek,dere
supply,arz
boot,bot
whisper,fısıltı
resist,direnmek
journey,seyahat
flag,bayrak
disorder,düzensizlik
designer,tasarımcı
literally,kelimenin tam anlamıyla
apparent,görünen
permanent,kalıcı
angle,açı
smooth,düz
unlike,farklı
tablespoon,yemek kasigi
smoke,Sigara içmek
consultant,danışman
twin,ikiz
favor,iyilik
throat,boğaz
construct,yapmak
birthday,doğum günü
soon,yakında
swing,sallanmak
supporter,destekçi
testing,test yapmak
reasonable,mantıklı
mail,posta
silver,gümüş
retirement,emeklilik
sensitive,duyarlı
gentleman,beyefendi
navy,Donanma
terrorism,terörizm
occasionally,ara sıra
glance,bakış atmak
observer,gözlemci
constantly,sürekli
bind,bağırmak
wet,ıslak
line,astar
dig,kazmak
quit,çıkış yapmak
digital,dijital
straight,dümdüz
vs,vs
assist,yardım
employment,iş
suggestion,öneri
rapidly,hızlıca
estimate,tahmin etmek
embrace,kucaklamak
junior,genç
stomach,karın
extreme,aşırı
pretty,tatlı
mine,benim
recovery,kurtarma
negotiate,müzakere etmek
impression,izlenim
wage,maaş
fifth,beşinci
FALSE,YANLIŞ
count,saymak
pink,pembe
absence,yokluk
aggressive,agresif
corn,Mısır
mixture,karışım
substantial,varlıklı
grandmother,Nene
quietly,sessizce
jail,hapishane
specialist,uzman
dealer,satıcı
poem,şiir
butter,Tereyağı
conventional,geleneksel
pace,adımlamak
intention,niyet
peer,akran
restore,eski haline getirmek
wooden,ahşap
criticize,eleştirmek
nevertheless,yine de
approval,onay
historic,tarihi
secure,güvenli
preparation,hazırlık
Latin,Latince
lord,Kral
teaspoon,çay kaşığı
musical,müzikal
weigh,tartmak
comment,yorum
pan,tava
assure,garanti etmek
viewer,izleyici
arise,ortaya çıkmak
administrator,yönetici
immigration,göçmenlik
plant,bitki
honest,açık sözlü
origin,Menşei
giant,dev
diversity,çeşitlilik
tomato,domates
advise,öğüt vermek
biological,biyolojik
shell,kabuk
essay,makale
roll,rulo
historian,tarihçi
deputy,milletvekili
date,tarih
effectively,etkili bir şekilde
fast,hızlı
schedule,takvim
buck,boks yapmak
tube,tüp
refugee,mülteci
depth,derinlik
flat,düz
precisely,tam
mad,deli
alternative,alternatif
disability,sakatlık
destruction,yıkım
dream,rüya
drop,düşürmek
assumption,Varsayım
normally,normalde
angel,melek
pop,pop
criteria,kriterler
minor,küçük
crop,mahsul
barrier,engel
assign,atamak
elementary,temel
valuable,değerli
testimony,tanıklık
stake,kazıklamak
concert,konser
label,etiket
routine,rutin
wealth,varlık
professional,profesyonel
gang,çete
incorporate,firma kurmak
brand,marka
recipe,Tarif
vacation,tatil
utility,Yarar
satellite,uydu
extraordinary,olağanüstü
wave,dalga
ultimate,nihai
chemical,kimyasal
advocate,savunucu
wonder,merak etmek
educator,eğitimci
cake,Kek
phrase,ifade etmek
yell,bağırmak
personally,Şahsen
respondent,davalı
Palestinian,Filistin
classic,klasik
snap,patlatmak
via,aracılığıyla
lawsuit,dava
install,Yüklemek
sweep,süpürmek
festival,Festival
draft,taslak
heaven,cennet
switch,değiştirmek
activist,aktivist
ceiling,tavan
clock,saat
graduate,mezun olmak
aunt,hala
darkness,karanlık
daddy,baba
royal,Kraliyet
advertising,reklam
rough,kaba 
pregnant,hamile
penalty,ceza
distant,mesafe
developing,gelişen
yield,teslim olmak
wind,rüzgâr
armed,silahlı
mechanism,mekanizma
rank,rütbe
killer,katil
fence,çit
ahead,ilerde
universal,evrensel
terror,terör
wolf,Kurt
house,ev
anxiety,endişe
chemical,kimyasal
found,bulundu
protein,protein
engineering,mühendislik
clothing,Giyim
proceed,ilerlemek
fiber,lif
react,tepki
bottom,alt
spin,döndürmek
roughly,kabaca
drama,drama
liberty,özgürlük
ingredient,bileşen
hip,belki
provision,karşılık
burden,sorumluluk
teen,genç
survival,hayatta kalma
unlikely,olası olmayan
Italian,İtalyan
chamber,bölme
lost,kayıp
communicate,iletişim kurmak
stupid,Aptal
bet,bahis
advance,ilerlemek
Muslim,Müslüman
bell,zil
onion,soğan
disagree,aynı fikirde olmamak
encounter,rastlamak
constitutional,anayasal
cabinet,kabine
remarkable,dikkat çekici
broken,bozuldu
latter,ikincisi
overcome,üstesinden gelmek
virus,virüs
stranger,yabancı
retain,sürdürmek
match,kibrit
prize,ödül
string,sicim
exhibition,sergi
expansion,genişleme
tremendous,muazzam
bunch,Demet
assistant,asistan
initially,ilk olarak
accurate,kesin
cheek,yanak
index,indeks
occupy,işgal etmek
gear,vites
guarantee,garanti
chocolate,çikolata
ceremony,tören
button,buton
shopping,alışveriş
pay,ödemek
dispute,anlaşmazlık
like,beğenmek
furniture,mobilya
marine,deniz
statistics,İstatistik
Olympic,Olimpiyat
balance,denge
wipe,silip süpürmek
spokesman,sözcü
super,Süper
Islamic,İslami
track,Izlemek
translate,Çevirmek
interpret,yorumlamak
testify,tanıklık etmek
cooperation,işbirliği
friendly,arkadaş canlısı
profile,profil
pants,pantolon
whereas,halbuki
honor,Onur
elite,seçkinler
decline,reddetmek
port,Liman
complicated,karmaşık
cousin,kuzen
strategic,stratejik
terrorist,terörist
chart,çizelge
drawing,resim çizme
though,Yine de
gently,nazikçe
pack,ambalaj
odd,garip
incentive,teşvik
innocent,masum
imply,ima etmek
taste,tatmak
stadium,stadyum
scenario,senaryo
shooting,çekim
blind,görme engelli
assembly,toplantı
withdraw,Çekil
strip,şerit
market,pazar
lover,sevgili
process,işlem
mainly,daha çok
aircraft,uçak
newly,yeni
ideal,ideal
dirt,kir
flow,akış
boundary,sınır
resort,dinlenme tesisi
genetic,genetik
stick,sopa
concentration,konsantrasyon
naturally,doğal olarak
ministry,bakanlık
surprising,şaşırtıcı
adviser,danışman
recommendation,öneri
similarly,benzer şekilde
justify,savunmak
wildlife,vahşi yaşam
bench,Bank
bullet,mermi
mode,moda
square,Meydan
champion,şampiyon
dismiss,Reddet
deck,güverte
lifetime,ömür
extensive,yaygın
attractive,çekici
politically,politik olarak
regularly,düzenli olarak
raw,çiğ
fault,arıza
clinical,klinik
detect,tespit etmek
considerable,önemli
working,Çalışma
partly,kısmen
platform,platform
remote,uzak
blue,mavi
respect,saygı
top,tepe
fortune,talih
slave,köle
delivery,teslimat
worth,değer
reflection,refleks
relevant,ilgili
unknown,Bilinmeyen
pause,Duraklat
likely,büyük ihtimalle
tissue,doku
sink,lavabo
counter,tezgah
Bible,Kutsal Kitap
license,lisans
tragedy,trajedi
assistant,asistan
dialogue,diyalog
mutual,karşılıklı
loose,gevşetmek
external,harici
pride,gurur
awareness,farkındalık
electricity,elektrik
diverse,türlü
advanced,ileri
free,Bedava
faster,Daha hızlı
conservative,tutucu
online,internet üzerinden
assault,saldırı
shortly,kısa süre içinde
finance,finans
originally,aslında
founder,kurucu
lie,Yalan
characterize,karakterize etmek
protest,protesto
pole,kutup
intellectual,entelektüel
communist,komünist
infection,enfeksiyon
controversy,tartışma
double,çift
freeze,donmak
portrait,Vesika
proof,kanıt
satisfaction,memnuniyet
insight,Içgörü
headquarters,Merkez
stair,merdiven
crash,kaza
constitute,oluşturmak
thirty,otuz
alter,değiştirmek
sudden,birden
not,olumsuzluk
potentially,potansiyel olarak
dirty,kirli
evolve,evrim geçirmek
teenager,genç
violation,ihlal
joy,neşe
smell,koku
possess,elinde bulundurmak
hurricane,kasırga
offense,suç
relax,rahatlamak
appeal,çekici
mount,monte etmek
treaty,antlaşma
prior,önceki
memorial,anıt
establishment,kuruluş
hold,tutmak
tap,musluk
swim,yüzmek
properly,düzgün bir şekilde
gulf,Körfez
tongue,dil
salad,salata
practice,uygulama
favorite,favori
shelter,barınak
correspondent,muhabir
introduction,giriiş
funeral,cenaze
literary,edebi
convert,dönüştürmek
violate,ihlal etmek
rub,ovmak
entrance,giriş
episode,bölüm
tournament,turnuva
vital,hayati
stable,kararlı
split,bölmek
representation,temsil
stress,stres
fiction,kurgu
lane,Lane
distinction,ayrım
segment,segment
transfer,Aktar
comprehensive,kapsamlı
confident,kendinden emin
easy,kolay
prominent,öne çıkan
presentation,sunum
net,ağ
squeeze,sıkmak
tobacco,tütün
significance,önem
imagination,hayal gücü
pretend,numara yapmak
mere,sadece
mix,karışım
spot,leke
fade,solmak
steady,istikrarlı
neither,hiç biri
target,hedef
nowhere,Hiçbir yerde
variation,varyasyon
radical,radikal
adventure,macera
profession,uzmanlık alanı
exciting,heyecan verici
fate,kader
regardless,ne olursa olsun
load,yük
singer,şarkıcı
distribute,dağıtmak
ton,ton
instance,misal
affiliation,bağlılık
hunting,avcılık
pale,solgun
paint,boyamak
poet,şair
gradually,gitgide
partnership,ortaklık
capability,kabiliyet
Canadian,Kanadalı
tech,teknoloji
commerce,ticaret
grandfather,Büyük baba
bake,pişirmek
shelf,raf
honey,bal
round,yuvarlak
flee,kaçmak
adapt,adapte olmak
buyer,alıcı
divorce,boşanmak
defensive,savunmacı
bombing,bombalama
scared,korkmuş
gesture,jest yapmak
poetry,şiir
reserve,rezerve etmek
satisfy,tatmin etmek
pollution,kirlilik
lawn,çim
depending,bağlı
wisdom,bilgelik
since,dan beri
comfort,konfor
plot,komplo
vulnerable,hassas
explosion,patlama
tail,kuyruk
differ,farklılık
fellow,dost
sustain,güç vermek
doubt,şüphe
stability,istikrar
fantasy,fantezi
obligation,yükümlülük
God,Tanrı
damage,zarar
bike,bisiklet
dining,yemek
guide,kılavuz
custom,gelenek
ill,hasta
celebrity,ünlü
leather,deri
given,verilen
framework,çerçeve
beat,vurmak
owe,sahip olmak
slight,hafif
witness,tanık
tendency,eğilim
load,yük
crack,çatırtı
briefly,kısaca
derive,türetmek
speaker,konuşmacı
scandal,skandal
fifteen,on beş
scheme,şema
jazz,caz
in,içinde
elderly,yaşlı
celebration,kutlama
can,Yapabilmek
evolution,evrim
fighter,savaşçı
publicly,halka açık
store,mağaza
trace,iz
rid,kurtulmak
detective,dedektif
closer,daha yakın
limitation,sınırlama
besides,dışında
soup,çorba
oven,fırın
rapid,ani
chase,kovalamak
sophisticated,komplike
tribe,kabile
pipe,boru
deer,geyik
illustration,gösterim
ok,tamam
arrest,tutuklanmak
mm-hmm,mm-hmm
uniform,üniforma
transmission,bulaşma
storage,depolamak
pile,istif
survivor,hayatta kalan
resemble,benzemek
incredible,inanılmaz
impress,etkilemek
economist,iktisatçı
efficient,verimli
fifty,elli
shade,gölge
opera,opera
calculate,hesaplamak
preference,tercih
guideline,yönerge
consume,tüketmek
maintenance,bakım
formation,oluşum
glove,eldiven
scholarship,burs
educate,Eğitim vermek
proportion,oran
appointment,randevu
fund,"fon, sermaye"
conviction,mahkumiyet
myth,efsane
solar,güneş
vessel,gemi
wealthy,zengin
friendship,dostluk
membership,üyelik
craft,zanaat
qualify,nitelemek
French,Fransızca
earnings,kazanç
waste,boşa harcamak
asleep,uyuya kalmak
porch,sundurma
controversial,çekişmeli
painful,acı verici
congressman,kongre üyesi
mama,anne
monitor,izlemek
surprise,sürpriz
infant,bebek
cow,inek
proposed,önerilen
sufficient,yeterli
oak,meşe
terrorist,terörist
mall,alışveriş merkezi
punishment,ceza
helpful,yardımsever
ongoing,devam eden
admission,giriş
frequency,Sıklık
ratio,oran
delay,gecikme
privacy,mahremiyet
trick,kandırmak
etc,vb
circuit,devre
musician,müzisyen
sue,Dava açmak
purchase,satın alma
aide,yardımcı olmak
modest,mütevazı
helicopter,helikopter
empire,imparatorluk
detailed,detaylı
efficiency,yeterlik
humor,mizah
sanctions,yaptırımlar
badly,kötü
tennis,tenis
emission,emisyon
desperate,çaresiz
garlic,Sarımsak
contest,yarışma
strengthen,güçlendirmek
demonstration,gösteri
restriction,kısıtlama
Irish,İrlandalı
hunter,avcı
standing,ayakta duran
handful,avuç
explode,patlamak
prompt,çabuk
absorb,emmek
suspect,şüpheli
eager,istekli
temporary,geçici
commissioner,komiser
diamond,elmas
curious,Meraklı
differently,farklı
across,karşısında
reservation,rezervasyon
downtown,şehir merkezi
adjustment,ayarlama
composition,kompozisyon
relative,akraba
tiger,kaplan
fabric,kumaş
assert,iddia etmek
discrimination,ayrımcılık
float,batmadan yüzmek
request,rica etmek
math,matematik
overlook,görmezden gelmek
corps,kolordu
sequence,sekans
complex,karmaşık
heel,topuk
successfully,başarıyla
examination,muayene
horizon,ufuk
German,Almanca
absolute,mutlak
anticipate,beklemek
yours,seninki
dominant,baskın
bull,Boğa
prevention,önleme
meter,metre
legitimate,meşru
mask,maske
bite,ısırmak
suit,takım elbise
stroke,felç
assignment,atama
lion,aslan
sense,algı
rifle,tüfek
brilliant,muhteşem
appoint,atamak
boom,Boom
naked,çıplak
hungry,aç
tight,sıkı
flame,alev
Palestinian,Filistin
economics,ekonomi
cabin,kabin
print,Yazdır
orange,Portakal
wander,gezmek
taxpayer,vergi mükellefi
romantic,romantik
devote,adamak
inflation,şişirme
furthermore,üstelik
pine,çam
agriculture,tarım
legacy,miras
extension,eklenti
barrel,varil
arrival,varış
register,Kayıt ol
flavor,lezzet
versus,karşı
risk,risk
flesh,beden
submit,Sunmak
garage,garaj
cotton,pamuk
operator,Şebeke
nut,ceviz
rate,oran
blade,bıçak ağzı
girlfriend,kız arkadaşı
fly,uçmak
dependent,bağımlı
carbon,karbon
heritage,miras
organic,organik
ambassador,büyükelçi
invasion,istila
summit,toplantı
lifestyle,yaşam tarzı
agricultural,tarımsal
shrug,omuz silkme
counsel,danışmanlık
associate,iş arkadaşı
major,ana
distinguish,ayırt etmek
menu,Menü
awful,berbat
wound,yara
manufacturing,üretme
consumption,tüketim
permission,izin
twelve,on iki
offensive,saldırgan
shower,duş
collapse,çöküş
undergo,uğramak
function,işlev
consciousness,bilinç
correct,doğru
dry,kuru
frustration,hüsran
operating,işletme
ease,kolaylaştırmak
carrier,taşıyıcı
scope,dürbün
grain,tahıl
distinct,belirgin
ranch,çiftlik
workshop,atölye
auto,Oto
publisher,Yayımcı
narrator,dış ses
brush,fırçalamak
ban,yasaklamak
portray,tasvir etmek
fighting,savaş
borrow,ödünç almak
seize,kapmak
psychology,Psikoloji
subsequent,sonraki
exceed,aşmak
crack,çatırtı
killing,öldürme
deadline,son tarih
athletic,atletik
wise,bilge
medication,ilaç tedavisi
repeatedly,defalarca
frequent,sık
rocket,roket
fame,şöhret
lung,akciğer
depict,göstermek
persuade,ikna etmek
tent,çadır
ah,Ah
motivation,motivasyon
odds,ihtimal
worried,endişeli
principal,müdür
firm,firma
ugly,çirkin
adequate,yeterli
nonetheless,Her şeye rağmen
criminal,adli
widespread,yaygın
transformation,dönüşüm
physically,fiziksel olarak
provider,Sağlayıcı
admire,beğenmek
headline,başlık
miracle,mucize
institutional,kurumsal
homeless,evsiz
impressive,etkileyici
chef,şef
tactic,taktik
measurement,ölçüm
identification,Tanılama
province,bölge
moderate,ılıman
consensus,uzlaşma
lovely,sevimli
comedy,komedi
shore,sahil
photographer,fotoğrafçı
venture,girişim
competitor,yarışmacı
nomination,adaylık
confusion,"bilinç bulanıklığı, konfüzyon"
attribute,bağlanmak
horror,korku
orientation,oryantasyon
weekly,haftalık
legislature,yasama organı
basket,sepet
crash,kaza
continued,devam etti
blanket,battaniye
orange,Portakal
eagle,kartal
changing,değiştirme
mouse,fare
ethics,etik
high,yüksek
ghost,hayalet
everyday,Her gün
rope,halat
formula,formül
exhibit,sergilemek
nerve,sinir
cope,başa çıkmak
running,koşma
psychologist,psikolog
acid,asit
principal,müdür
pet,Evcil Hayvan
pitch,saha
occupation,Meslek
courage,cesaret
defeat,yenilgi
pregnancy,gebelik
actress,aktris
patch,yama
margin,marj
reinforce,güçlendirmek
collective,toplu
brick,tuğla
script,senaryo
cooking,yemek pişirme
tunnel,tünel
document,belge
concrete,Somut
recruit,iyileştirmek
grocery,bakkal
lemon,Limon
dare,cesaret etmek
exact,bire bir aynı
battery,pil
surprisingly,şaşırtıcı bir şekilde
artistic,sanatsal
shit,bok
indication,gösterge
cookie,kurabiye
intensity,yoğunluk
dramatically,dramatik bir şekilde
piano,piyano
concerning,ilişkin
lap,kucak
inquiry,soruşturma
Catholic,Katolik
discourse,söylem
laughter,kahkaha
anniversary,yıl dönümü
telescope,teleskop
swear,yemin etmek
park,park
charity,hayır kurumu
clue,ipucu
grave,mezar
narrative,anlatı
hypothesis,hipotez
upset,üzgün
acceptable,kabul edilebilir
favor,iyilik
couch,kanepe
defendant,sanık
compose,bestelemek
cool,serin
ballot,oy pusulası
related,ilişkili
cluster,küme
pie,turta
concern,ilgilendirmek
recording,kayıt
rail,Demiryolu
decrease,azalmak
rape,tecavüz etmek
interrupt,yarıda kesmek
architect,mimar
sigh,iç çekmek
remark,söz
Christian,Hıristiyan
invent,icat etmek
prescription,reçete
reward,ödül
sacred,kutsal
organ,organ
abroad,yurt dışı
devil,şeytan
dear,sevgili
rank,rütbe
superior,üst
military,askeri
greatly,büyük ölçüde
airplane,uçak
host,ev sahibi
habitat,doğal ortam
coal,kömür
soccer,futbol
entitle,hak kazanmak
delay,gecikme
instructor,eğitmen
integrity,bütünlük
shine,parlamak
mess,karışıklık
norm,norm
allegation,iddia
pill,hap
tight,sıkı
cry,Ağla
okay,Tamam
pleased,memnun
plain,ova
inspector,müfettiş
forum,forum
powder,pudra
sin,günah
evident,belirgin
sponsor,sponsor
acceptance,kabul
prosecution,Soruşturma
cognitive,bilişsel
presidency,başkanlık
finance,finans
favor,iyilik
magic,büyü
northwest,Kuzey Batı
regulate,düzenlemek
exclude,hariç tutmak
colonial,sömürgeci
rent,kiraya vermek
peer,akran
civilian,sivil
harbor,liman
estimated,tahmini
rhythm,ritim
midnight,gece yarısı
counselor,danışman
highlight,vurgulamak
palace,Saray
trading,ticaret
compound,birleştirmek
bare,çıplak
echo,Eko
integrate,birleştirmek
slice,dilim
combat,savaşmak
shop,Dükkan
medium,orta
log,kayıt
surgeon,Cerrah
excuse,bahane
ritual,ritüel
resign,çekilmek
net,ağ
excited,heyecanlı
lightly,hafifçe
evil,fenalık
bitter,acı
export,ihracat
swing,sallanmak
clay,kil
logic,mantık
virtue,Erdem
container,konteyner
quarterback,oyun kurucu
beg,dilenmek
salmon,Somon
greet,selamlamak
curve,eğri
mill,değirmen
closet,dolap
interior,iç mekan
rod,kamış
candy,Şeker
restrict,kısıtlamak
initiate,başlatmak
reverse,tersi
ethical,etik
secondary,ikincil
administrative,Yönetim
confuse,şaşırtmak
deadly,ölümcül
pig,domuz
suburban,banliyö
medal,madalya
receiver,alıcı
gaze,bakış
collapse,çöküş
snake,yılan
march,Mart
experimental,deneysel
civilization,medeniyet
classical,klasik
fold,katlamak
weakness,zayıflık
corridor,koridor
harsh,sert
retail,perakende
mortgage,ipotek
harder,Daha güçlü
developer,geliştirici
legend,efsane
excitement,heyecanlanmak
enforce,zorlamak
murder,cinayet
occasional,ara sıra
cowboy,kovboy
minimum,asgari
flash,flaş
reliable,güvenilir
suburb,kenar mahalle
melt,erimek
fit,Uygun
contend,itiraz etmek
plead,yalvarmak
written,yazılı
flood,sel basmak
unlike,farklı
stem,kök
inevitable,kaçınılmaz
essence,öz
pitcher,sürahi
tip,İpucu
subtle,hemen göze çarpmayan
stretch,uzatmak
slam,çarpmak
unemployment,işsizlik
trunk,gövde
privilege,ayrıcalık
burst,patlamak
pitch,saha
architecture,mimari
monthly,aylık
render,işlemek
mainstream,ana akım
frankly,açıkçası
obstacle,engel
motivate,motive etmek
trap,tuzak kurmak
drinking,içme
elbow,dirsek
rumor,söylenti
swallow,Yutmak
legislative,yasama
lecture,ders
daily,günlük
jeans,kot
duck,ördek
slope,eğim
t-shirt,tişört
inspection,denetleme
speed,hız
strict,sıkı
overwhelming,karşı konulmaz bunaltıcı
assemble,birleştirmek
missing,eksik
seemingly,görünüşte
label,etiket
fraud,sahtekar
reach,ulaşmak
plain,ova
protest,protesto
implementation,uygulama
hunt,avlamak
boyfriend,erkek arkadaş
integration,entegrasyon
rat,fare
wish,dilek
broadcast,yayın
Korean,Koreli
nail,çivi
pen,kalem
consult,danışmak
companion,Arkadaş
encounter,rastlamak
monster,canavar
nightmare,kâbus
beef,biftek
win,kazanç
serving,porsiyon
globe,kürek
cholesterol,kolesterol
parliament,parlamento
suite,süit
continuing,devam ediyor
pop,pop
hence,buradan
lend,ödünç vermek
project,proje
sixth,altıncı
mud,çamur
pump,pompa
flour,un
hostage,rehin
ownership,sahiplik
facilitate,kolaylaştırmak
basement,bodrum
correlation,korelasyon
hurry,acele etmek
insect,böcek
arena,arena
drift,sürüklenme
notice,fark etme
domain,alan adı
cave,mağara
African-American,Afrikan Amerikan
consistently,sürekli
leap,sıçramak
final,son
effectiveness,verimlilik
maximum,maksimum
array,dizi
unexpected,beklenmedik
curtain,perde
sandwich,sandviç
peaceful,huzurlu
humanity,insanlık
prediction,tahmin
Roman,Roma
ideology,ideoloji
railroad,demiryolu
possession,mülk
horn,Boynuz
replacement,yenisiyle değiştirme
announcement,duyuru
pond,gölet
conduct,yönetmek
forgive,affetmek
past,geçmiş
Muslim,Müslüman
bishop,piskopos
aim,amaç
top,tepe
uncomfortable,rahatsız
subject,ders
laugh,kahkaha
rip,Huzur içinde yatsın
random,rastgele
herb,bitki
and/or,ve/veya
dump,çöplük
online,internet üzerinden
warm,ılık
guilt,suç
cattle,sığırlar
strain,Gerginlik
sheriff,şerif
behave,Davranmak
response,tepki
crystal,kristal
execute,uygulamak
wrist,bilek
motive,güdü
painter,ressam
convict,mahkum etmek
simultaneously,eşzamanlı
recession,durgunluk
await,beklemek
hallway,koridor
dose,doz
brush,fırçalamak
endure,dayanmak
counseling,danışmanlık
civilian,sivil
suck,emmek
accommodate,Karşılamak
traditionally,geleneksel olarak
spill,dökülme
fiscal,mali
welcome,Hoşgeldiniz
retired,emekli
closed,kapalı
gentle,nazik
separation,ayrılma
guard,koruma
warrior,savaşçı
convinced,ikna edilmiş
southwest,güneybatı
drunk,sarhoş
outdoor,dış mekan
tune,ayarlamak
patient,hasta
harm,zarar
cloth,bez
wherever,her nerede
administer,idare etmek
short,kısa
supervisor,amir
compromise,anlaşmak
grateful,minnettar olmak
Hispanic,İspanyol
Japanese,Japonca
mandate,yetki
average,ortalama
alarm,alarm vermek
cruise,seyir
injure,yaralamak
sculpture,heykel
award,ödül
drain,boşaltmak
temple,tapınak şakak .. mabet
dancer,dansçı
towel,havlu
Islam,İslâm
continuous,sürekli
govern,idare etmek
crown,taç
contractor,müteahhit
adolescent,ergen
skirt,etek
abuse,taciz
bacteria,bakteri
adoption,Benimseme
intelligent,zeki
praise,övmek
outer,dış
nearby,yakında
glance,bakış atmak
grip,kavramak
profound,engin
trigger,tetiklemek
stuff,şey
uncertainty,belirsizlik
driving,sürme
enthusiasm,heves
complexity,karmaşıklık
excuse,bahane
cafe,kafe
survey,anket
virtual,sanal
undermine,zayıflatmak
unity,birlik
chaos,kaos
commonly,yaygın olarak
endless,sonsuz
rhetoric,retorik
trait,karakter
pension,emeklilik
genuine,eşsiz
sweat,ter
European,Avrupalı
innovation,yenilik
no,hayır
matter,Önemli olmak
currency,para birimi
forty,kırk
lobby,lobi
theoretical,teorik
bat,yarasa
makeup,makyaj yapmak
pleasant,güzel
rebuild,yeniden inşa etmek
horrible,berbat
pad,ped
suspend,askıya almak
relieve,rahatlatma
resume,sürdürmek
respectively,sırasıyla
promotion,terfi
technological,teknolojik
galaxy,gökada
altogether,tamamen
apologize,özür dilemek
research,Araştırma
infrastructure,altyapı
shuttle,servis aracı
thumb,baş parmak
questionnaire,anket
sidewalk,kaldırım
businessman,işadamı
weird,garip
radiation,radyasyon
format,biçim
scare,Korkmak
bounce,sıçrama
doll,oyuncak bebek
attraction,cazibe
needle,iğne
Israeli,İsrail
lock,kilit
counterpart,karşılık
convey,iletmek
compensation,tazminat
ship,gemi
exclusive,özel
twist,bükmek
precise,kesin
suspicion,şüphe
southeast,güneydoğu
walking,yürüme
boost,artırmak
scatter,dağılmak
rebel,İsyancı
van,kamyonet
identical,birebir aynı
shame,utanç
blow,üflemek
delicate,narin
Olympics,Olimpiyatlar
wider,daha geniş
corruption,yolsuzluk
hook,kanca
lieutenant,teğmen
firmly,sıkıca
structural,yapısal
pause,Duraklat
invisible,görünmez
forehead,alın
traveler,gezgin
meaningful,anlamlı
provided,sağlanan
colony,koloni
signature,imza
database,veri tabanı
clerk,memur
dedicate,adamak
determination,belirleme
signal,sinyal
anxious,endişeli
sum,özet
frozen,dondurulmuş
juror,jüri üyesi
timing,zamanlama
punish,cezalandırmak
crawl,yavaş ilerleme
conscious,bilinçli
colonel,albay
fitness,Fitness
landing,iniş
doctrine,doktrin
belly,karın
pope,Papa
thereby,böylece
historically,tarihsel olarak
playoff,birbirine düşürmek
poster,afiş
harder,Daha güçlü
acquisition,kazanma
rescue,kurtarmak
departure,kalkış
summary,özet
wrong,yanlış
medium,orta
chronic,kronik
evil,fenalık
handsome,yakışıklı
finish,bitiş
hug,sarılmak
wow,vay
pursuit,kovalama
residence,Konut
loud,yüksek sesle
promising,umut verici
disk,disk
doorway,kapı
diagnosis,Teşhis
scout,izci
cancel,iptal etmek
desire,arzu
amid,ortasında
envelope,mektup
sooner,Er
beam,kiriş
reluctant,isteksiz
spouse,eş
fluid,sıvı
exit,çıkış
mild,ılıman
electrical,elektriksel
bite,ısırmak
bath,banyo
decent,terbiyeli
ankle,bilek
transaction,işlem
reporting,raporlama
exhibit,sergilemek
pit,çukur
practically,pratikte
oxygen,oksijen
racism,ırkçılık
fist,yumruk
garbage,çöp
ban,yasaklamak
guitar,gitar
expertise,Uzmanlık
parade,geçit töreni
exploration,keşif
carve,oymak
realm,Diyar
recipient,alıcı
residential,yerleşim
bias,ön yargı
sunlight,Güneş ışığı
lamp,Lamba
donor,donör
repair,onarım
sharply,keskin bir şekilde
hers,onunki
guidance,rehberlik
diplomatic,diplomatik
classic,klasik
purple,mor
princess,prenses
candle,mum
advocate,savunucu
generous,cömert
strip,şerit
necessity,zorunluluk
tuck,sıkmak
debate,çekişme
statue,heykel
frame,çerçeve
elevator,asansör
popularity,popülerlik
indicator,gösterge
entity,varlık
interior,iç mekan
limb,uzuv
bold,gözü pek
hesitate,tereddüt etmek
magic,büyü
starting,Başlangıç
diminish,azaltmak
inside,içeri
readily,kolayca
elegant,zarif
engagement,nişanlanmak
rage,öfkelenmek
destination,hedef
realistic,gerçekçi
intent,niyet
metaphor,metafor
automobile,otomobil
productive,üretken
endorse,onaylamak
isolate,izole etmek
confess,itiraf etmek
wilderness,el değmemiş doğa
minimize,küçültmek
diagnose,teşhis koymak
happiness,mutluluk
spectrum,spektrum
hint,ipucu
eating,yemek yiyor
tune,ayarlamak
volunteer,gönüllü
abstract,Öz
revolutionary,devrimci
gym,Jimnastik
addition,ilave
Russian,Rusça
disappointed,hayal kırıklığına uğramış
particle,parçacık
repair,onarım
dynamic,dinamik
pump,pompa
kiss,öpücük
value,değer
automatically,otomatik olarak
overall,etraflı
dawn,şafak
ruling,yonetmek
mechanical,mekanik
feel,hissetmek
vitamin,vitamin
silly,şapşal
handle,üstesinden gelmek
artificial,yapay
outstanding,Muhteşem
age,yaş
peel,kabuk
rescue,kurtarmak
oral,Oral
o'clock,saat
undertake,üstlenmek
lonely,yalnız
servant,hizmetkar
indigenous,yerli
civic,sivil
full-time,tam zamanlı
worry,endişe etmek
cooperate,işbirliği yapmak
casual,gündelik
behavioral,davranışsal
shortage,kıtlık
reception,resepsiyon
offering,teklif
huh,Ha
credibility,güvenilirlik
chin,Çene
physics,fizik
vanish,yok olmak
blend,karışım
noon,öğle vakti
precious,değerli
command,emretmek
wake,uyanmak
flip,ters çevirme
scary,korkutucu
pizza,Pizza
toilet,tuvalet
representative,temsilci
silk,ipek
bid,teklif etmek
gathering,toplama
softly,yumuşakça
annually,her yıl
hook,kanca
suffering,cefa
accuracy,kesinlik
marine,deniz
broker,komisyoncu
hopefully,inşallah
descend,inmek
tide,gelgit
trail,iz
stumble,yanılmak
verbal,sözlü
spring,bahar
collector,kolektör
judicial,yargı
burning,yanma
inventory,envanter
fool,aptal
way,yol
loyalty,bağlılık
performer,icracı
kit,set
romance,romantik
quantity,miktar
alleged,iddia edilen
therapist,terapist
longtime,uzun zaman
sink,lavabo
sentiment,duygusallık
sodium,sodyum
seal,fok
trailer,tanıtım videosu
spread,yayılmış
shared,ortak
equity,Eşitlik
banking,bankacılık
ridiculous,gülünç
processing,işleme
please,lütfen
dilemma,ikilem
quest,arayış
pillow,yastık
slice,dilim
shock,şok
lately,son zamanlarda
laser,lazer
rigid,sert
ours,bizim
prohibit,yasaklamak
switch,değiştirmek
genius,dahi
starter,marş
stem,kök
primary,öncelik
cart,araba
trap,tuzak kurmak
Cuban,Küba
inmate,mahkum
sacrifice,kurban
officially,resmi olarak
slap,tokat
credit,kredi
mysterious,gizemli
Arab,Arap
specialize,uzmanlaşmak
fork,çatal
invitation,davet
sail,denize açılmak
regulatory,düzenleyici
cartoon,karikatür
stiff,katı
courtroom,mahkeme salonu
import,içe aktarmak
tightly,sıkıca
flash,flaş
equation,denklem
treasure,hazine
jaw,çene
scan,taramak
condemn,kınamak
improved,gelişmiş
pickup,almak
dignity,itibar
inspiration,esin
automatic,otomatik
merchant,tüccar
Greek,Yunan
hostile,hasım
extended,Genişletilmiş
homeland,anavatan
gasoline,benzin
gravity,Yerçekimi
defeat,yenilgi
near,yakın
thoroughly,iyice
exchange,değiş tokuş
bow,yay
glory,görkem
reserve,rezerve etmek
optimistic,iyimser
sergeant,Çavuş
casualty,yaralı
concede,kabul etmek
bloody,kanlı
barn,ahır
donate,bağış yapmak
unite,birleştirmek
pro,profesyonel
senior,kıdemli
feedback,geri bildirim
grief,yas
spite,kınama
steep,dik
productivity,verimlilik
conceive,gebe kalmak
tender,sunmak
continent,kıta
hardware,donanım
equip,donatmak
wagon,vagon
besides,dışında
output,çıktı
withdrawal,para çekme
elder,yaşlı
cage,kafes
coastal,kıyı
patience,sabır
shallow,sığ
earthquake,deprem
voting,oylama
input,giriş
canvas,tuval
slide,kayma
click,Tıklayın
sword,kılıç
mate,mat
portfolio,portföy
bug,böcek
refrigerator,buzdolabı
escape,kaçmak
heat,sıcaklık
northeast,kuzeydoğu
seventh,yedinci
post,İleti
combined,birleştirilmiş
alien,yabancı
willingness,istekli olma
hidden,gizlenmiş
accounting,muhasebe
sexually,cinsel olarak
chop,kesmek
patrol,devriye gezmek
symbolic,simgesel
ruin,mahvetmek
rock,kaynak
drum,davul
opposed,karşı
sheer,sırf
ideological,ideolojik
discourage,vazgeçirmek
canal,kanal
prior,önceki
haul,çekmek
protective,koruyucu
regard,saygınlık
conspiracy,komplo
steam,buhar
embassy,elçilik
tackle,olta takımı
tropical,tropikal
instantly,anında
bubble,kabarcık
calm,sakinlik
sheep,koyun
rent,kiraya vermek
accent,Aksan
grasp,sıkı sıkı tutmak
modify,değiştirmek
grin,sırıtış
toxic,toksik
mixed,karışık
magnitude,büyüklük
afterward,sonrasında
root,kök
progressive,ilerici
manipulate,manipule etmek
vaccine,aşı
monument,anıt
trace,iz
verdict,karar
flexible,esnek
declaration,beyanname
costume,kostüm
drawer,çekmece
bless,kutsamak
rack,raf
secure,güvenli
position,durum
deeper,Daha derine
divorce,boşanmak
neutral,doğal
fascinating,büyüleyici
terrific,müthiş
sympathy,sempati
draft,taslak
spectacular,muhteşem
ounce,ons
rear,arka
inn,Han
collaboration,işbirliği
clip,klips
instruct,öğretmek
sock,çorap
rider,binici
revelation,vahiy
object,nesne
accomplishment,başarı
seal,fok
faint,bayılmak
ease,kolaylaştırmak
spell,harf harf kodlamak
gospel,Müjde
whale,balina
theatre,tiyatro
coordinator,koordinatör
talented,yetenekli
alongside,yanında
cab,taksi
isolation,izolasyon
costly,pahalı
tragic,trajik
loud,yüksek sesle
instinct,içgüdü
seat,koltuk
intimate,samimi
underlying,altta yatan
respect,saygı
influential,etkili
pastor,papaz
presumably,muhtemelen
cook,pişirmek
skip,atlamak
eleven,on bir
tens,onlar
whoever,her kim
ancestor,Ata
safely,güvenli bir şekilde
nominee,aday
exotic,acayip
minimal,en az
uncertain,belirsiz
Persian,Farsça
parental,ebeveyn
orchestra,orkestra
treasury,hazine
tolerate,tolere etmek
gallon,galon
thigh,uyluk
fortunately,neyse ki
ambitious,hırslı
actively,aktif olarak
flexibility,esneklik
jar,kavanoz
cocaine,kokain
incredibly,inanılmaz şekilde
consequently,sonuç olarak
documentary,belgesel
charge,şarj
insert,sokmak
ambition,hırs
functional,işlevsel
bankruptcy,iflas
runner,koşucu
execution,uygulamak
crush,ezmek
buddy,ahbap
workplace,iş yeri
skull,kafatası
cord,kordon
fixed,sabit
equivalent,eşdeğer
casino,kumarhane
reliability,güvenilirlik
expected,beklenen
boil,kaynama
whip,kırbaçlamak
divine,ilahi
proposition,önerme
census,nüfus sayımı
correction,düzeltme
jump,zıplamak
diary,günlük
nest,yuva
statute,tüzük
exam,sınav
metropolitan,metropol
star,yıldız
nutrition,beslenme
breeze,esinti
illusion,yanılsama
anonymous,anonim
coup,darbe
midst,ortasında
edit,Düzenle
experienced,Tecrübeli
castle,kale
sort,çeşit
exploit,faydalanmak
jewelry,takı
diabetes,diyabet
translation,tercüme
Dutch,Flemenkçe
upset,üzgün
harm,zarar
irony,ironi
associated,birleşmiş
utilize,faydalanmak
rabbit,tavşan
soap,sabun
booth,çardak
minimum,asgari
immune,bağışık
gut,bağırsak
appreciation,takdir
cast,oyuncu kadrosu
scramble,karıştırmak
upstairs,üst katta
punch,yumruk
gross,brüt
liability,yükümlülük
accessible,erişilebilir
mechanic,tamirci
ass,eşek
aesthetic,estetik
dessert,tatlı
waist,bel
alike,aynı
brave,cesur
loop,döngü
passing,geçen
partially,kısmen
statistical,istatistiksel
correctly,doğru şekilde
pin,toplu iğne
practitioner,uygulayıcı
encouraging,teşvik edici
syndrome,sendrom
tribal,kabile
persist,ısrar etmek
trash,çöp
teenage,gençlik
self-esteem,benlik saygısı
preliminary,ön hazırlık
stay,kalmak
sunset,gün batımı
harassment,taciz
reportedly,bildirilmiş
quote,alıntı
fever,ateş
panic,panik
charter,tüzük
outlook,görünüm
foster,gayretlendirmek
comprise,içermek
known,bilinen
Thanksgiving,Şükran Günü
short-term,kısa dönem
shed,baraka
cooperative,işbirliği ile ilgili
alley,sokak
subsidy,sübvansiyon
secular,laik
aluminum,alüminyum
cliff,uçurum
gram,gram
outline,taslak
mentally,akıllıca
invade,istila etmek
confrontation,yüzleşme
sacrifice,kurban
dissolve,çözmek
shy,utangaç
coin,madeni para
speculation,spekülasyon
creativity,yaratıcılık
custody,velayet
interfere,karışmak
spoon,kaşık
bee,bal arısı
rolling,yuvarlanma
interact,etkileşime girmek
damn,lanet etmek
dam,baraj
unfair,haksız
someday,bir gün
liquid,sıvı
disclose,ifşa etmek
mushroom,mantar
disabled,engelli
counter,tezgah
catalog,katalog
gaze,bakış
publicity,tanıtım
compel,zorlamak
cease,durdurmak
ideal,ideal
decorate,süslemek
surrounding,çevreleyen
exclusively,münhasıran
bonus,bonus
unprecedented,benzeri görülmemiş
oversee,denetlemek
touchdown,gol
federation,federasyon
aggression,saldırı
behalf,adına
well-known,tanınmış
donation,bağış
desperately,umutsuzca
reward,ödül
high-tech,yüksek teknoloji
cheat,aldatmak
audio,ses
sensation,duygu
entrepreneur,girişimci
proclaim,ilan etmek
supplier,Tedarikçi
rival,rakip
reminder,hatırlatma
heal,iyileştirmek
case,dava
beast,canavar
uncover,ortaya çıkarmak
merit,hak
momentum,itme
stimulate,canlandırmak
rational,akılcı
columnist,köşe yazarı
pioneer,öncü
biology,Biyoloji
photography,fotoğrafçılık
innovative,yenilikçi
purse,el çantası
franchise,franchise
consent,razı olmak
outfit,kıyafet
eve,havva
spray,sprey
shove,kıpırdamak
fisherman,balıkçı
sensitivity,duyarlılık
courtesy,nezaket
stack,yığın
pork,domuz
teammate,takım arkadaşı
instant,ani
pulse,nabız
outsider,yabancı
pro,profesyonel
helmet,kask
ladder,merdiven
openly,açıkça
fierce,sert
bet,bahis
required,gereklidir
shrink,çekmek
cute,Sevimli
dot,nokta
weaken,zayıflatmak
filter,filtre
worldwide,Dünya çapında
envision,öngörmek
videotape,video kaseti
partial,kısmi
patent,patent
tray,tepsi
jungle,orman
classify,sınıflandırmak
specialty,uzmanlık
nasty,edepsiz
aisle,koridor
graph,grafik
wound,yara
sexy,seksi
disturb,rahatsız etmek
excessive,aşırı
banker,bankacı
aid,yardım
installation,Kurulum
swimming,yüzme
placement,atama
attendance,katılma
informal,gayri resmi
sack,çuval
flood,sel basmak
eighth,sekizinci
premise,Öncül
grill,ızgara
model,model
dying,ölme
colorful,renkli
hockey,hokey
backyard,arka bahçe
collar,yaka
breathing,nefes alma
logical,mantıklı
lightning,Şimşek
dried,kurutulmuş
discount,indirim
sole,Tek
boast,övünme
tag,etiket
sibling,kardeş
stove,soba
trainer,eğitimci
vertical,dikey
added,katma
marketplace,pazar
cure,tedavi
curiosity,merak
organizational,örgütsel
shrimp,karides
inherit,miras almak
color,renk
distract,dikkatini dağıtmak
isolated,yalıtılmış
planner,planlamacı
supposedly,sözde
likewise,aynı şekilde
monkey,maymun
toll,Geçiş ücreti
embarrassed,utanmış
deliberately,kasten
bicycle,bisiklet
stance,duruş
orbit,yörünge
hormone,hormon
depressed,bunalımlı
organism,organizma
deploy,dağıtmak
strictly,kesin olarak
deem,kabul etmek
eyebrow,kaş
legally,yasal olarak
puzzle,bulmaca
icon,simge
pat,patlamak
closest,en yakın
sneak,gizlice gizlice girme
fleet,filo
conservation,koruma
supportive,destekleyici
comparable,karşılaştırılabilir
texture,doku
access,erişim
striking,dikkat çekici
associate,iş arkadaşı
Christianity,Hıristiyanlık
dip,dalmak
disappointment,hayal kırıklığı
sleeve,elbise kolu
socially,sosyal olarak
wheat,buğday
chunk,yığın
two-thirds,üçte ikisi
pile,istif
refuge,sığınmak
blank,boşluk
unfold,açılmak
considerably,önemli ölçüde
frontier,sınır
faster,Daha hızlı
suspicious,şüpheli
conception,anlayış
feather,kuş tüyü
elephant,fil
rain,yağmur
cure,tedavi
near,yakın
intellectual,entelektüel
textbook,ders kitabı
joke,şaka
glimpse,göz atmak
inevitably,kaçınılmaz olarak
triumph,zafer
plunge,dalma
sphere,küre
hunger,açlık
density,yoğunluk
cheer,tezahürat etmek
balanced,dengeli
protocol,protokol
part,Bölüm
legislator,yasa koyucu
auction,açık arttırma
equality,eşitlik
risky,riskli
cemetery,mezarlık
builder,kurucu
awake,uyanmak
retailer,perakendeci
debut,çıkış
tighten,sıkılaştırmak
spare,kıyamamak
compromise,anlaşmak
constraint,kısıtlama
compliance,uyma
sponsor,sponsor
emerging,ortaya çıkan
this,Bu
elaborate,detaylandırmak
atop,üstünde
chew,çiğnemek
similarity,benzerlik
pencil,kalem
calculation,hesaplama
tolerance,hata payı
astronomer,astronom
bulk,toplu
arm,kol
interval,Aralık
notebook,not defteri
genre,Tür
likelihood,olasılık
liberal,liberal
streak,meç
rib,kaburga
scent,koku
validity,geçerlilik
grin,sırıtış
steer,yönlendirmek
intact,bozulmamış
shark,köpek balığı
uh,uh
programming,programlama
dumb,sersem
formerly,vakti zamanında
squad,Tayfa
comply,uymak
debris,enkaz
peasant,köylü
outlet,çıkış
chase,kovalamak
neat,düzenli
valid,geçerli
kingdom,krallık
solely,yalnızca
eligible,uygun
regret,pişmanlık
municipal,belediye
strain,Gerginlik
deposit,Depozito
transport,Ulaşım
dough,Hamur
lid,kapak
voluntary,gönüllü
journalism,gazetecilik
any,hiç
impulse,dürtü
policeman,polis
objection,itiraz
thrive,gelişmek
privately,özel olarak
cling,yapışan
halfway,yarıya kadar
unhappy,mutsuz
rally,ralli
scratch,kaşımak
robot,robot
conversion,dönüştürmek
supermarket,süpermarket
blink,Göz kırpmak
philosophical,felsefi
happily,mutlulukla
thread,iplik
allegedly,iddiaya göre
ash,kül
dynamics,dinamik
denial,inkar
riot,isyan
soar,yükselmek
mentor,akıl hocası
beard,sakal
widow,dul
offender,suçlu
landmark,dönüm noktası
apart,ayrı
instant,ani
routinely,rutin olarak
butt,çan
forbid,yasaklamak
bomb,bomba
migration,göç
carrot,havuç
harmony,uyuşma
downtown,şehir merkezi
brutal,vahşi
prevail,hakim olmak
weed,esrar
exhaust,egzoz
pasta,makarna
distinctive,ayırt edici
fraction,fraksiyon
remark,söz
emotionally,duygusal olarak
poke,dürtmek
guarantee,garanti
dancing,dans
trouble,bela
freshman,birinci sınıf öğrencisi
suitable,uygun
youngster,genç
slavery,kölelik
balloon,balon
opt,seçmek
crowded,kalabalık
liver,karaciğer
listener,dinleyici
calm,sakinlik
ironically,ironik olarak
affirmative,olumlu
commodity,emtia
fur,kürk
freely,serbestçe
light,ışık
removal,kaldırma
regard,saygınlık
round,yuvarlak
goat,keçi
shareholder,hissedar
expedition,sefer
loyal,sadık
conscience,vicdan
fragile,kırılgan
calendar,takvim
mineral,mineral
coming,gelen
circle,daire
fare,Ücret
blessing,nimet
liberation,kurtuluş
steak,Biftek
liquid,sıvı
ecological,ekolojik
banana,muz
catch,tutmak
steadily,istikrarlı bir şekilde
blast,üfleme
nonprofit,kar amacı gütmeyen kuruluş
mobile,hareketli
straw,Saman
projection,projeksiyon
rubber,lastik
overnight,bir gecede
neighboring,komşu
enact,sahnelemek
favorable,elverişli
severely,şiddetli
demographic,demografik
terrain,arazi
explicit,açık
integrated,Birleşik
terribly,çok
veteran,kıdemli
level,seviyesi
sofa,divan
screw,vida
shield,kalkan
invention,buluş
Iraqi,Irak
perceived,algılanan
leave,ayrılmak
cruel,zalim
bomber,bombardıman uçağı
provoke,kışkırtmak
autonomy,özerklik
publishing,yayıncılık
retreat,geri çekilmek
theology,teoloji
substantially,esasen
mansion,konak
developmental,gelişim
one-third,üçte bir
transmit,aktarmak
contemplate,düşünmek
authorize,yetki vermek
mathematics,matematik
battle,savaş
old-fashioned,eski moda
lawmaker,milletvekili
threshold,eşik
radar,radar
seldom,nadiren
low,düşük
headache,baş ağrısı
rental,kira
spy,casus
patron,patron
driveway,araba yolu
till,kadar
broadcast,yayın
overwhelm,kaplamak
coordinate,koordinat
vendor,SATICI
transport,Ulaşım
fragment,parça
hammer,çekiç
seminar,seminer
availability,kullanılabilirlik
peanut,fıstık
fantastic,harika
depart,ayrılmak
permit,izin vermek
cottage,kır evi
specify,belirtmek
frustrate,hayal kırıklığına uğratmak
disturbing,rahatsız edici
artifact,artefakt
basin,havza
regain,yeniden kazanmak
grape,üzüm
ego,benlik
sometime,bazen
organized,organize edilmiş
charm,cazibe
sweater,Kazak
rim,jant
speculate,spekülasyon yapmak
delight,zevk
fatigue,tükenmişlik
devastating,yıkıcı
instructional,öğretim
plea,savunma
tourism,turizm
crowd,kalabalık
warmth,sıcaklık
jurisdiction,yargı yetkisi
update,Güncelleme
accusation,suçlama
diagram,diyagram
middle-class,orta sınıf
graduation,mezuniyet
mention,Anma
beyond,öte
within,içinde
spark,kıvılcım
convenience,kolaylık
chill,soğuk
economically,ekonomik olarak
undergraduate,lisans
dictate,dikte
regulator,regülatör
defender,savunucu
workout,antrenman yapmak
accurately,doğruca
tile,fayans
foreigner,yabancı
importantly,önemlisi
citizenship,vatandaşlık
plaza,plaza
devise,tasarlamak
premium,ödül
chemistry,kimya
bureaucracy,bürokrasi
inherent,doğal
hazard,tehlike
swell,kabarma
bride,gelin
bow,yay
processor,işlemci
bucket,Kova
timber,kereste
feminist,feminist
till,kadar
tumor,tümör
apology,özür
screening,tarama
arrow,ok
marker,işaretleyici
sunny,güneşli
technician,teknisyen
homework,ev ödevi
fog,sis
soak,emmek
mortality,mortalite
flying,uçan
accountability,Hesap verebilirlik
skilled,yetenekli
straighten,düzeltmek
sprinkle,serpmek
cue,isteka
epidemic,epidemi
articulate,ifade
rehabilitation,rehabilitasyon
diplomat,diplomat
ribbon,kurdele
transit,taşıma
militia,milis
kneel,diz çökmek
seller,satıcı
fatal,ölümcül
twist,bükmek
compelling,zorlayıcı
praise,övmek
copy,kopya
well-being,refah
laundry,çamaşır
screen,ekran
confession,itiraf
twentieth,yirminci
dense,yoğun
accelerate,hızlanmak
tribute,takdir
smoking,sigara içmek
aboard,gemide
marble,mermer
entertain,eğlendirmek
boring,sıkıcı
scrutiny,inceleme
bizarre,tuhaf
bargain,pazarlık etmek
deeper,Daha derine
drown,bastırmak
biography,biyografi
naval,deniz
nationwide,ülke çapında
skeptical,şüpheci
shorts,şort
lens,lens
spit,tükürmek
sexuality,cinsellik
rape,tecavüz etmek
warehouse,depo
paradise,cennet
nominate,aday göstermek
developed,gelişmiş
campaign,kampanya
unfortunate,talihsiz
grandchild,torun
tenure,görev süresi
preach,vaaz vermek
slot,yuva
stereotype,stereotip
bulb,ampul
weave,örmek
merger,birleşme
inadequate,yetersiz
objective,amaç
electronics,elektronik
trim,dikmek